"""Remember to imagine and craft the worlds you cannot live without, just as you dismantle the ones you cannot live within.""  Ruha Benjamin"
"What could we make with AI if scale wasn't an objective?"
"How do existing local initiatives challenge dominant narratives of AI?"
"Can we design AI systems for the human and non-human ecologies that sustain it?"
"What makes small-scale data solution work?"
"How does placefulness shape AI development?"
"How can cooperative ecologies and economies offer alternatives to profit-driven AI models?"
"What does community or collective data and AI governance look like?"
"AI systems are not smooth, but irregular and complex, with more details emering the closer you look at them – much like the coastline paradox."
"If you go into a community with a mindset that data is just a resource, a monetary valuable thing, you're fundamentally harming the community and you're also diminshing the value of that data.   Michael Running Wolf"
"Histories of erasure and colonial extraction are present today in AI systems."
"""Frontier"" narratives position AI as an enexplored, boundless territory ripe for conquest"
"""Cloud"" narratives mystifies AI and digital technologies as immaterial, inconsequential to the natural world."
"""General Intelligence"" reinforces systems of centralised control and power"
"AI is not a singular intelligent entity; it's an ecosystem of people, machines, and places"
"Instead of pouring trillions into speculative futures that may never materialise we should double down on what AI already does well to solve problems facing people today."
"The frontier narrative was – and remains – a colonial strategy to justify exploiting, erasing, pillaging, and violenty re-making the world."
"Enframing or ""Gestell"" refers to the way modern technology frames the world as nothing more than a standing-reserve (or ""Bestand"") of resources to be optimised, ordered, and exploited. This mindset reduces everything –including nature and people – to resources or inventory waiting to be utilised."
"Anyone who believes exponetial growth and go on forever in a finite world is either a madman or an economist.   Kenneth E. Boulding (1910–1933), American Economist"
"Frontier landscape paintings framed territories as untouched and uninhabited. The cloud narrative erases the resource extraction, labor, and politics of territorial control involved in building and maintaining digital technologies."
"Why are people asked to limit their basic water usage while water-intensive AI projects proveed unchecked?"
"The cloud is a narrative device, a symbol or maybe a dream. Let's change it."
"The cloud isn't a cloud at all. It's an underground network of people, resources, cables, and datacenters tirelessly working to make the internet work like ""magic."""
"New frontier narratives about AI are rooted in extractivism and universalism."
"The idea of the Earth as a vast, empty frontier, ready to be divided and claimed has a long history. It continues to shape how we talk about innovation. AI is no exception."
"Just as colonial landscape paintings present land as empty spaces, ripe for conquest, mainstream AI narratives abstract and erase the social, cultural, and environmental contexts in which data is collected and systems are deployed."
"Artificial General Intelligence is another yet narrative shaping AI development."
"Intelligence is rarely  universal , but rather very specific in domain and local context."
"universalism determines which problems are seen as worth solving, whose knowledge is considered valid, and who gets to participate in shaping technology."
"The myth of general artificial intelligence limits our imaginations of what AI can be."
"There is a push for generality in machine learning, I'm totally against that: we have to work context by context, community by community."
"AI and the American Smile"
"AI encodes norms found in its training data – like the American Smile – as a universal norm, universal standard"
"Placefulness allows us to move beyond the reductive map that typically depict AI infrastructure and instead envision maps that are more just, sustainable, and life-affirming"
"Placefulness reminds us that AI isn't universal or placeless. (Artificial) Intelligence must be contextual, specific, and subjective."
"Small AI – it might be janky, but it's yours."
"Antifragile is a property of systems that grow stronger and more capable when exposed to stressors, shocks, volatility, noise, mistakes, or failures.   Nassim Nicholas Taleb, 2012"
"Placefuless offers an alternative to the frontier narrative."
"Against the placelessness of an optimised life spent online, I want to argue for a new ""placefulness"" that yields sensitivity and responsbility to the historical (what happened here) and the ecological (who and what lives, or lived, here).""  Jenny Odell, 2019, How to Do Nothing: Resisting the Attention Economy"
"Moving with nature offers an alternative to the mainstream narratives of AI existing in the cloud."
